URL,MODEL,ROUGE-1,ROUGE-2,ROUGE-L,BLEU,BERTSCORE,LATENCY,COMPRESSION RATE,TOTAL TOKENS
https://tienphong.vn/chu-nhat-do-2026-gap-nu-sinh-gan-10-lan-hien-mau-post1823998.tpo,gpt4o,0.1548,0.1357,0.1325,0.0018,0.6150,5863,15.4300,2443
https://tienphong.vn/chu-nhat-do-2026-gap-nu-sinh-gan-10-lan-hien-mau-post1823998.tpo,gpt4o-mini,0.1517,0.1299,0.1153,0.0012,0.5888,5299,14.6700,2431
https://tienphong.vn/ong-tran-sy-thanh-cam-ket-gi-voi-cu-tri-lang-son-post1823987.tpo,gpt4o,0.2516,0.2158,0.1878,0.0265,0.5865,6180,24.3700,1708
https://tienphong.vn/ong-tran-sy-thanh-cam-ket-gi-voi-cu-tri-lang-son-post1823987.tpo,gpt4o-mini,0.2147,0.1969,0.1734,0.0124,0.6177,5311,20.3400,1665
https://tienphong.vn/thong-tin-moi-vu-2-nu-sinh-lop-8-bi-bat-ve-lam-vo-o-nghe-an-post1823985.tpo,gpt4o,0.3694,0.3012,0.2744,0.0758,0.5987,4880,32.2200,1418
https://tienphong.vn/thong-tin-moi-vu-2-nu-sinh-lop-8-bi-bat-ve-lam-vo-o-nghe-an-post1823985.tpo,gpt4o-mini,0.1834,0.1625,0.1464,0.0067,0.6020,4977,17.4300,1308
https://tienphong.vn/vung-2-hai-quan-bo-phieu-bau-cu-som-post1823970.tpo,gpt4o,0.3187,0.2739,0.2358,0.0509,0.6718,5023,31.0200,1733
https://tienphong.vn/vung-2-hai-quan-bo-phieu-bau-cu-som-post1823970.tpo,gpt4o-mini,0.1405,0.1207,0.1237,0.0016,0.6656,2978,13.6900,1565
https://tienphong.vn/nhung-la-phieu-dac-biet-tren-them-luc-dia-phia-nam-post1823954.tpo,gpt4o,0.2373,0.1998,0.1843,0.0132,0.5988,4287,22.5500,1632
https://tienphong.vn/nhung-la-phieu-dac-biet-tren-them-luc-dia-phia-nam-post1823954.tpo,gpt4o-mini,0.1589,0.1376,0.1415,0.0024,0.6386,5190,16.3300,1573
https://tienphong.vn/dong-bao-dan-toc-giao-dan-dak-lak-gui-tron-niem-tin-vao-la-phieu-bau-post1823827.tpo,gpt4o,0.4085,0.3551,0.3382,0.1248,0.6555,7074,38.9800,1703
https://tienphong.vn/dong-bao-dan-toc-giao-dan-dak-lak-gui-tron-niem-tin-vao-la-phieu-bau-post1823827.tpo,gpt4o-mini,0.1810,0.1646,0.1427,0.0061,0.7069,4727,17.4000,1508
https://tienphong.vn/cuu-chien-binh-duoc-chuong-trinh-chu-nhat-do-sua-nha-khang-trang-toi-mung-khong-ngu-duoc-post1823966.tpo,gpt4o,0.1877,0.1665,0.1356,0.0050,0.5876,4496,17.7100,2292
https://tienphong.vn/cuu-chien-binh-duoc-chuong-trinh-chu-nhat-do-sua-nha-khang-trang-toi-mung-khong-ngu-duoc-post1823966.tpo,gpt4o-mini,0.1018,0.0889,0.0882,0.0001,0.5660,4103,10.4700,2178
https://tienphong.vn/no-tai-benh-vien-tra-vinh-xuat-phat-tu-hop-banh-cua-nguoi-tham-benh-post1823965.tpo,gpt4o,0.3171,0.2451,0.2295,0.0336,0.6142,4948,30.6700,1353
https://tienphong.vn/no-tai-benh-vien-tra-vinh-xuat-phat-tu-hop-banh-cua-nguoi-tham-benh-post1823965.tpo,gpt4o-mini,0.1822,0.1546,0.1488,0.0043,0.5714,3783,17.6300,1263
https://tienphong.vn/giai-the-5-trung-tam-y-te-o-ca-mau-post1823962.tpo,gpt4o,0.3911,0.3317,0.2931,0.1112,0.6836,3878,36.5600,1473
https://tienphong.vn/giai-the-5-trung-tam-y-te-o-ca-mau-post1823962.tpo,gpt4o-mini,0.2919,0.2455,0.2356,0.0366,0.6600,3950,27.2900,1402
https://tienphong.vn/qua-bom-khung-con-nguyen-kip-no-nam-duoi-mong-nha-dan-post1823973.tpo,vit5,0.3307,0.3294,0.3307,0.1282,0.8402,13910,35.6800,
https://tienphong.vn/qua-bom-khung-con-nguyen-kip-no-nam-duoi-mong-nha-dan-post1823973.tpo,gpt4o,0.4508,0.3373,0.3169,0.1386,0.6660,3733,43.5700,1162
https://tienphong.vn/qua-bom-khung-con-nguyen-kip-no-nam-duoi-mong-nha-dan-post1823973.tpo,gpt4o-mini,0.4055,0.3136,0.3248,0.1202,0.6667,4506,40.4600,1148
https://tienphong.vn/nguoi-viet-o-trung-dong-tam-trang-bat-an-ca-dem-khong-dam-ngu-post1823956.tpo,gpt4o,0.2759,0.2001,0.1709,0.0099,0.5514,6367,25.8300,2061
https://tienphong.vn/nguoi-viet-o-trung-dong-tam-trang-bat-an-ca-dem-khong-dam-ngu-post1823956.tpo,gpt4o-mini,0.1262,0.0958,0.0957,0.0003,0.5431,4966,12.7600,1892
https://tienphong.vn/dan-ha-noi-duoc-phep-xay-moi-nha-o-tren-bai-song-post1823944.tpo,gpt4o,0.5908,0.4778,0.3697,0.2136,0.6892,4499,56.1000,1305
https://tienphong.vn/dan-ha-noi-duoc-phep-xay-moi-nha-o-tren-bai-song-post1823944.tpo,gpt4o-mini,0.2528,0.2025,0.1912,0.0313,0.6597,3959,25.3300,1137
https://tienphong.vn/lanh-dao-uy-ban-trung-uong-mttq-viet-nam-tiep-xuc-cu-tri-o-xa-dac-biet-kho-khan-post1823907.tpo,gpt4o,0.2551,0.2379,0.2001,0.0319,,3829,24.3000,2026
https://tienphong.vn/lanh-dao-uy-ban-trung-uong-mttq-viet-nam-tiep-xuc-cu-tri-o-xa-dac-biet-kho-khan-post1823907.tpo,gpt4o-mini,0.1142,0.1048,0.1026,0.0002,0.6251,3329,10.6300,1853
https://tienphong.vn/xay-ra-vu-no-tai-benh-vien-tra-vinh-post1823943.tpo,vit5,0.3739,0.3725,0.3739,0.1737,0.8263,11943,38.3500,
https://tienphong.vn/xay-ra-vu-no-tai-benh-vien-tra-vinh-post1823943.tpo,gpt4o,0.4891,0.3878,0.3065,0.1501,0.6393,3653,48.0600,1081
https://tienphong.vn/xay-ra-vu-no-tai-benh-vien-tra-vinh-post1823943.tpo,gpt4o-mini,0.2826,0.2244,0.2130,0.0290,0.6352,3819,29.8500,1004
https://tienphong.vn/khoi-to-nhom-doi-tuong-bat-coc-danh-dap-ep-nguoi-phu-nu-chuyen-tien-post1823959.tpo,gpt4o,0.3246,0.2566,0.2484,0.0439,0.5740,3605,31.8200,1404
https://tienphong.vn/khoi-to-nhom-doi-tuong-bat-coc-danh-dap-ep-nguoi-phu-nu-chuyen-tien-post1823959.tpo,gpt4o-mini,0.3180,0.2671,0.2562,0.0470,0.5950,4346,29.5600,1386
https://tienphong.vn/con-duong-den-an-tu-cua-ong-trum-ma-tuy-post1823872.tpo,gpt4o,0.2336,0.1972,0.1695,0.0126,0.5885,9262,20.9500,2093
https://tienphong.vn/con-duong-den-an-tu-cua-ong-trum-ma-tuy-post1823872.tpo,gpt4o-mini,0.1241,0.1041,0.0972,0.0004,0.5455,3930,11.5600,1965
https://tienphong.vn/hai-nguoi-thuong-vong-sau-khi-bi-nhom-doi-tuong-vo-co-tan-cong-post1823982.tpo,gpt4o,0.4256,0.3204,0.2462,0.0865,0.5999,5707,38.6800,1753
https://tienphong.vn/hai-nguoi-thuong-vong-sau-khi-bi-nhom-doi-tuong-vo-co-tan-cong-post1823982.tpo,gpt4o-mini,0.1841,0.1303,0.1325,0.0025,0.5950,3235,15.4900,1537
https://tienphong.vn/dot-nhap-nha-dan-pha-ket-sat-trom-so-tien-vang-tri-gia-hon-1-ty-dong-post1823934.tpo,gpt4o,0.3045,0.2412,0.2206,0.0320,0.5822,8191,31.3300,1389
https://tienphong.vn/dot-nhap-nha-dan-pha-ket-sat-trom-so-tien-vang-tri-gia-hon-1-ty-dong-post1823934.tpo,gpt4o-mini,0.2612,0.2114,0.1881,0.0215,0.5911,4433,26.3200,1353
https://tienphong.vn/nu-quai-lua-ban-5-tre-em-sa-luoi-sau-15-nam-tron-truy-na-post1823967.tpo,vit5,0.3448,0.3433,0.3448,0.1431,0.8610,12050,35.2100,
https://tienphong.vn/nu-quai-lua-ban-5-tre-em-sa-luoi-sau-15-nam-tron-truy-na-post1823967.tpo,gpt4o,0.4347,0.3326,0.3276,0.0900,0.6395,4327,41.4700,1126
https://tienphong.vn/nu-quai-lua-ban-5-tre-em-sa-luoi-sau-15-nam-tron-truy-na-post1823967.tpo,gpt4o-mini,0.4090,0.3112,0.2998,0.0737,0.6308,4354,39.9600,1119
https://tienphong.vn/no-tai-benh-vien-tra-vinh-xuat-phat-tu-hop-banh-cua-nguoi-tham-benh-post1823965.tpo,gpt4o,0.3171,0.2451,0.2295,0.0336,0.6142,4948,30.6700,1353
https://tienphong.vn/no-tai-benh-vien-tra-vinh-xuat-phat-tu-hop-banh-cua-nguoi-tham-benh-post1823965.tpo,gpt4o-mini,0.1822,0.1546,0.1488,0.0043,0.5714,3783,17.6300,1263
https://tienphong.vn/giam-doc-cong-an-ha-noi-som-su-dung-thiet-bi-bay-khong-nguoi-lai-giam-sat-an-ninh-post1823927.tpo,gpt4o,0.3075,0.2568,0.2096,0.0471,,5620,28.3700,1871
https://tienphong.vn/giam-doc-cong-an-ha-noi-som-su-dung-thiet-bi-bay-khong-nguoi-lai-giam-sat-an-ninh-post1823927.tpo,gpt4o-mini,0.0979,0.0843,0.0896,0.0001,,2922,10.1000,1668
https://tienphong.vn/vu-bv-bach-mai-viet-duc-co-so-2-de-nghi-bo-quoc-phong-dieu-tra-4-doanh-nghiep-post1823923.tpo,gpt4o,0.3279,0.2988,0.2325,0.0715,0.6734,6543,30.3100,1970
https://tienphong.vn/vu-bv-bach-mai-viet-duc-co-so-2-de-nghi-bo-quoc-phong-dieu-tra-4-doanh-nghiep-post1823923.tpo,gpt4o-mini,0.2308,0.1976,0.1778,0.0194,0.7115,6868,22.1300,1873
https://tienphong.vn/bat-18-quai-xe-mang-hung-khi-gay-nao-loan-duong-pho-post1823889.tpo,gpt4o,0.4969,0.3559,0.3113,0.1478,0.6082,4747,47.7100,1341
https://tienphong.vn/bat-18-quai-xe-mang-hung-khi-gay-nao-loan-duong-pho-post1823889.tpo,gpt4o-mini,0.3569,0.2646,0.2484,0.0716,0.6145,4972,35.4800,1269
https://tienphong.vn/cuc-canh-sat-hinh-su-pha-duong-day-mua-ban-gan-than-tien-ty-post1823846.tpo,gpt4o,0.2636,0.2189,0.1659,0.0225,0.5664,3590,24.5600,1830
https://tienphong.vn/cuc-canh-sat-hinh-su-pha-duong-day-mua-ban-gan-than-tien-ty-post1823846.tpo,gpt4o-mini,0.1530,0.1219,0.1114,0.0019,0.5873,4839,14.5700,1719
https://tienphong.vn/bat-nhom-doi-tuong-gay-roi-dam-chet-nguoi-sau-tiec-lien-hoan-post1823754.tpo,vit5,0.3779,0.3741,0.3779,0.1958,0.8942,10801,38.0000,
https://tienphong.vn/bat-nhom-doi-tuong-gay-roi-dam-chet-nguoi-sau-tiec-lien-hoan-post1823754.tpo,gpt4o,0.6567,0.4758,0.3779,0.1403,0.6537,6431,60.3000,1226
https://tienphong.vn/bat-nhom-doi-tuong-gay-roi-dam-chet-nguoi-sau-tiec-lien-hoan-post1823754.tpo,gpt4o-mini,0.3226,0.1894,0.1912,0.0100,0.5414,3376,27.3900,1069
https://tienphong.vn/nhom-doi-tuong-sam-bo-dam-dong-gia-cong-an-di-xu-ly-vi-pham-giao-thong-post1823786.tpo,gpt4o,0.3925,0.3120,0.2819,0.0825,0.6002,9639,37.3900,1283
https://tienphong.vn/nhom-doi-tuong-sam-bo-dam-dong-gia-cong-an-di-xu-ly-vi-pham-giao-thong-post1823786.tpo,gpt4o-mini,0.3692,0.2808,0.2383,0.0591,0.6076,4275,32.6600,1254
https://tienphong.vn/cam-keo-xong-vao-tiem-lam-mong-cuop-day-chuyen-post1823792.tpo,vit5,0.6335,0.6320,0.6335,0.5467,0.8937,3971,69.2600,
https://tienphong.vn/cam-keo-xong-vao-tiem-lam-mong-cuop-day-chuyen-post1823792.tpo,gpt4o,0.7769,0.5280,0.4183,0.2770,0.5952,3970,74.6600,988
https://tienphong.vn/cam-keo-xong-vao-tiem-lam-mong-cuop-day-chuyen-post1823792.tpo,gpt4o-mini,0.4861,0.3200,0.3227,0.1037,0.5823,3133,40.2000,884
https://tienphong.vn/truy-duoi-ngan-tau-ca-nghi-vi-pham-iuu-tren-bien-tay-nam-post1823798.tpo,gpt4o,0.3825,0.3049,0.3082,0.0950,0.6646,5007,35.7500,1500
https://tienphong.vn/truy-duoi-ngan-tau-ca-nghi-vi-pham-iuu-tren-bien-tay-nam-post1823798.tpo,gpt4o-mini,0.2948,0.2573,0.2448,0.0446,0.6640,3819,25.9900,1425
https://tienphong.vn/my-va-israel-tan-cong-iran-thi-truong-dau-mo-co-the-doi-mat-noi-lo-so-toi-te-nhat-post1824011.tpo,gpt4o,0.2081,0.1803,0.1518,0.0092,0.6608,11665,18.8300,2713
https://tienphong.vn/my-va-israel-tan-cong-iran-thi-truong-dau-mo-co-the-doi-mat-noi-lo-so-toi-te-nhat-post1824011.tpo,gpt4o-mini,0.1564,0.1388,0.1117,0.0012,0.6344,5141,13.9500,2619
https://tienphong.vn/ruoc-bien-dat-bo-ngu-dan-quang-tri-boi-thu-post1823995.tpo,gpt4o,0.3981,0.3216,0.2982,0.0973,0.6626,7643,39.3500,1507
https://tienphong.vn/ruoc-bien-dat-bo-ngu-dan-quang-tri-boi-thu-post1823995.tpo,gpt4o-mini,0.2888,0.2189,0.2092,0.0256,0.6474,9801,27.2200,1414
https://tienphong.vn/cao-toc-cao-lanh-an-huu-chua-lam-xong-vi-sao-dong-thap-de-xuat-mo-rong-post1823986.tpo,gpt4o,0.3560,0.2641,0.2522,0.0555,0.6523,4486,36.8700,1453
https://tienphong.vn/cao-toc-cao-lanh-an-huu-chua-lam-xong-vi-sao-dong-thap-de-xuat-mo-rong-post1823986.tpo,gpt4o-mini,0.3124,0.2436,0.2510,0.0468,0.6555,5830,31.9800,1411
https://tienphong.vn/hang-hoa-qua-cua-khau-quang-ninh-tang-manh-post1823958.tpo,gpt4o,0.4452,0.3778,0.3798,0.1370,0.6693,4445,43.4300,1510
https://tienphong.vn/hang-hoa-qua-cua-khau-quang-ninh-tang-manh-post1823958.tpo,gpt4o-mini,0.1679,0.1442,0.1274,0.0039,0.5561,3107,18.4000,1325
https://tienphong.vn/chu-tich-tong-giam-doc-nhieu-doanh-nghiep-dua-co-phieu-post1823910.tpo,gpt4o,0.1749,0.1511,0.1437,0.0045,0.6213,6136,15.7500,2597
https://tienphong.vn/chu-tich-tong-giam-doc-nhieu-doanh-nghiep-dua-co-phieu-post1823910.tpo,gpt4o-mini,0.0841,0.0697,0.0669,0.0000,0.5564,3182,6.7000,2427
https://tienphong.vn/thu-tuong-kiem-tra-du-an-duong-bang-san-bay-phu-cat-post1823946.tpo,gpt4o,0.4221,0.3650,0.3589,0.1259,0.6579,6344,39.6800,1596
https://tienphong.vn/thu-tuong-kiem-tra-du-an-duong-bang-san-bay-phu-cat-post1823946.tpo,gpt4o-mini,0.2777,0.2316,0.2156,0.0278,0.6235,3898,26.1200,1484
https://tienphong.vn/thu-tuong-thi-sat-du-an-cao-toc-quang-ngai-hoai-nhon-hon-20000-ty-post1823941.tpo,gpt4o,0.3869,0.3365,0.2573,0.1132,0.6698,4856,37.8700,1791
https://tienphong.vn/thu-tuong-thi-sat-du-an-cao-toc-quang-ngai-hoai-nhon-hon-20000-ty-post1823941.tpo,gpt4o-mini,0.2451,0.2124,0.2103,0.0244,0.6476,4627,22.3800,1640
https://tienphong.vn/lanh-dao-nhieu-doanh-nghiep-ung-cu-dai-bieu-quoc-hoi-post1823909.tpo,gpt4o,0.2917,0.2295,0.2224,0.0318,0.6232,5503,26.4800,1944
https://tienphong.vn/lanh-dao-nhieu-doanh-nghiep-ung-cu-dai-bieu-quoc-hoi-post1823909.tpo,gpt4o-mini,0.2429,0.1875,0.1728,0.0154,0.6258,5794,20.5500,1872
https://tienphong.vn/ly-do-nhieu-doanh-nghiep-thoai-von-bat-thanh-post1823680.tpo,gpt4o,0.1784,0.1574,0.1451,0.0048,0.5905,8169,16.3300,2095
https://tienphong.vn/ly-do-nhieu-doanh-nghiep-thoai-von-bat-thanh-post1823680.tpo,gpt4o-mini,0.0997,0.0902,0.0818,0.0001,0.6199,3400,9.8900,2003
https://tienphong.vn/gia-dau-vang-tang-dung-dung-vi-my-khong-kich-iran-post1823885.tpo,gpt4o,0.2405,0.1957,0.1661,0.0094,0.5724,7603,22.5300,2072
https://tienphong.vn/gia-dau-vang-tang-dung-dung-vi-my-khong-kich-iran-post1823885.tpo,gpt4o-mini,0.1855,0.1595,0.1467,0.0044,0.6245,6266,18.7000,2020
https://tienphong.vn/gia-vang-quoc-te-co-the-con-tang-manh-post1823905.tpo,gpt4o,0.1127,0.1005,0.0942,0.0001,0.5867,10499,11.0400,3650
https://tienphong.vn/gia-vang-quoc-te-co-the-con-tang-manh-post1823905.tpo,gpt4o-mini,0.0490,0.0452,0.0449,0.0000,0.5803,3619,4.6900,3461
https://tienphong.vn/nhieu-an-so-thang-3-vn-index-co-chinh-phuc-duoc-1900-diem-post1823912.tpo,gpt4o,0.2258,0.1978,0.1775,0.0122,0.5901,6776,21.7500,1962
https://tienphong.vn/nhieu-an-so-thang-3-vn-index-co-chinh-phuc-duoc-1900-diem-post1823912.tpo,gpt4o-mini,0.0851,0.0780,0.0729,0.0000,0.5622,2549,8.8300,1800
https://tienphong.vn/nguoi-mua-vang-lai-dam-post1823873.tpo,gpt4o,0.4068,0.3107,0.2644,0.0853,0.6342,5952,38.5800,1290
https://tienphong.vn/nguoi-mua-vang-lai-dam-post1823873.tpo,gpt4o-mini,0.3475,0.2683,0.2627,0.0413,0.6743,5046,35.0300,1268
https://tienphong.vn/bo-xay-dung-danh-gia-toan-dien-hieu-qua-dau-tu-san-bay-long-thanh-post1823803.tpo,gpt4o,0.2540,0.2115,0.1776,0.0235,0.6230,7225,23.0800,2078
https://tienphong.vn/bo-xay-dung-danh-gia-toan-dien-hieu-qua-dau-tu-san-bay-long-thanh-post1823803.tpo,gpt4o-mini,0.1980,0.1713,0.1706,0.0087,0.6278,6535,18.7100,2019
https://tienphong.vn/thong-tin-moi-vu-2-nu-sinh-lop-8-bi-bat-ve-lam-vo-o-nghe-an-post1823985.tpo,gpt4o,0.3694,0.3012,0.2744,0.0758,0.5987,4880,32.2200,1418
https://tienphong.vn/thong-tin-moi-vu-2-nu-sinh-lop-8-bi-bat-ve-lam-vo-o-nghe-an-post1823985.tpo,gpt4o-mini,0.1834,0.1625,0.1464,0.0067,0.6020,4977,17.4300,1308
https://tienphong.vn/hang-tram-hoc-sinh-da-nang-tranh-tai-robotics-va-drone-post1823977.tpo,gpt4o,0.4798,0.3882,0.3804,0.1584,0.7580,5256,44.9600,1376
https://tienphong.vn/hang-tram-hoc-sinh-da-nang-tranh-tai-robotics-va-drone-post1823977.tpo,gpt4o-mini,0.4193,0.3333,0.3199,0.1093,0.6818,6673,38.2400,1331
https://tienphong.vn/pgsts-pham-manh-ha-diem-so-khong-la-thuoc-do-kha-nang-thich-nghi-cua-tre-trong-cuoc-song-post1823820.tpo,gpt4o,0.1527,0.1308,0.1171,0.0014,0.5357,6012,15.3700,2806
https://tienphong.vn/pgsts-pham-manh-ha-diem-so-khong-la-thuoc-do-kha-nang-thich-nghi-cua-tre-trong-cuoc-song-post1823820.tpo,gpt4o-mini,0.1420,0.1201,0.1084,0.0007,0.5268,7588,13.4400,2763
https://tienphong.vn/2-nu-sinh-lop-8-bi-bat-ve-lam-vo-sau-tet-post1823797.tpo,gpt4o,0.4082,0.3385,0.3242,0.0816,0.6762,4404,38.4200,1257
https://tienphong.vn/2-nu-sinh-lop-8-bi-bat-ve-lam-vo-sau-tet-post1823797.tpo,gpt4o-mini,0.1801,0.1581,0.1612,0.0075,0.7015,2849,18.7700,1143
https://tienphong.vn/bao-gio-ha-noi-cong-bo-thoi-gian-thi-tuyen-lop-10-post1823793.tpo,gpt4o,0.2619,0.2096,0.2081,0.0222,0.6329,3827,25.2400,1384
https://tienphong.vn/bao-gio-ha-noi-cong-bo-thoi-gian-thi-tuyen-lop-10-post1823793.tpo,gpt4o-mini,0.3060,0.2488,0.2326,0.0459,0.6741,8725,29.7400,1418
https://tienphong.vn/ong-hoang-minh-son-lam-quyen-bo-truong-bo-giao-duc-va-dao-tao-post1823703.tpo,vit5,0.3659,0.3645,0.3659,0.1906,0.8656,10139,35.5100,
https://tienphong.vn/ong-hoang-minh-son-lam-quyen-bo-truong-bo-giao-duc-va-dao-tao-post1823703.tpo,gpt4o,0.6205,0.4966,0.4841,0.2999,0.7346,6929,61.6800,1160
https://tienphong.vn/ong-hoang-minh-son-lam-quyen-bo-truong-bo-giao-duc-va-dao-tao-post1823703.tpo,gpt4o-mini,0.4727,0.4123,0.3909,0.2062,0.7573,4661,46.7300,1095
https://tienphong.vn/hoc-sinh-se-duoc-day-khoi-nghiep-tu-tieu-hoc-post1823526.tpo,gpt4o,0.3972,0.3393,0.2685,0.0919,0.6841,6810,35.7900,1760
https://tienphong.vn/hoc-sinh-se-duoc-day-khoi-nghiep-tu-tieu-hoc-post1823526.tpo,gpt4o-mini,0.1577,0.1447,0.1305,0.0026,0.6417,4174,15.6800,1565
https://tienphong.vn/dao-tao-y-khoa-khong-the-chi-trong-giang-duong-post1823547.tpo,gpt4o,0.3613,0.3220,0.3027,0.0963,0.6652,7066,34.3200,1828
https://tienphong.vn/dao-tao-y-khoa-khong-the-chi-trong-giang-duong-post1823547.tpo,gpt4o-mini,0.1220,0.1110,0.1109,0.0005,0.6460,3128,11.9700,1598
https://tienphong.vn/ha-noi-du-chi-300-ty-ho-tro-dao-tao-1000-tien-si-post1823517.tpo,gpt4o,0.2991,0.2466,0.1963,0.0277,0.5903,5988,27.5500,1732
https://tienphong.vn/ha-noi-du-chi-300-ty-ho-tro-dao-tao-1000-tien-si-post1823517.tpo,gpt4o-mini,0.2150,0.1777,0.1648,0.0092,0.5816,5406,19.9800,1657
https://tienphong.vn/tuong-trinh-cua-giao-vien-bi-to-bat-35-hoc-sinh-liem-dat-post1823464.tpo,gpt4o,0.3997,0.3351,0.2981,0.0977,0.6211,6498,37.7100,1381
https://tienphong.vn/tuong-trinh-cua-giao-vien-bi-to-bat-35-hoc-sinh-liem-dat-post1823464.tpo,gpt4o-mini,0.1924,0.1655,0.1477,0.0091,0.6688,3593,19.3100,1257
https://tienphong.vn/hanh-trinh-vuot-qua-noi-so-cua-sinh-vien-y-khoa-post1823411.tpo,gpt4o,0.1995,0.1694,0.1348,0.0054,0.5895,5410,18.3400,2399
https://tienphong.vn/hanh-trinh-vuot-qua-noi-so-cua-sinh-vien-y-khoa-post1823411.tpo,gpt4o-mini,0.1078,0.0976,0.0836,0.0001,0.5749,3849,9.7500,2255
https://tienphong.vn/dai-hoc-duy-tan-khang-dinh-vai-tro-lanh-dao-hoc-thuat-du-lich-trong-ky-nguyen-ai-tai-apacchrie-tokyo-post1823404.tpo,gpt4o,0.1786,0.1623,0.1434,0.0058,0.6544,5198,18.1500,2252
https://tienphong.vn/dai-hoc-duy-tan-khang-dinh-vai-tro-lanh-dao-hoc-thuat-du-lich-trong-ky-nguyen-ai-tai-apacchrie-tokyo-post1823404.tpo,gpt4o-mini,0.1033,0.0881,0.0857,0.0001,0.6673,3618,10.0000,2127
https://tienphong.vn/bi-chi-ra-nhieu-bat-cap-ve-ve-sinh-dinh-duong-ban-tru-truong-mam-non-xin-loi-phu-huynh-post1823385.tpo,gpt4o,0.2284,0.1951,0.1677,0.0128,0.6004,6419,22.0200,1842
https://tienphong.vn/bi-chi-ra-nhieu-bat-cap-ve-ve-sinh-dinh-duong-ban-tru-truong-mam-non-xin-loi-phu-huynh-post1823385.tpo,gpt4o-mini,0.1950,0.1701,0.1510,0.0103,0.5749,4750,19.6300,1814
https://tienphong.vn/ila-debate-contest-2026-san-choi-tranh-bien-hoc-thuat-chuan-quoc-te-post1823379.tpo,gpt4o,0.1874,0.1675,0.1463,0.0078,0.6761,4527,17.9200,2286
https://tienphong.vn/ila-debate-contest-2026-san-choi-tranh-bien-hoc-thuat-chuan-quoc-te-post1823379.tpo,gpt4o-mini,0.1378,0.1220,0.1051,0.0010,0.6528,5321,12.9900,2207
https://tienphong.vn/cac-nguoi-dep-hoa-hau-viet-nam-check-in-tai-ngoi-chua-2000-nam-tuoi-o-bac-ninh-post1824000.tpo,gpt4o,0.3128,0.2326,0.1880,0.0261,0.6167,3125,28.2600,1228
https://tienphong.vn/cac-nguoi-dep-hoa-hau-viet-nam-check-in-tai-ngoi-chua-2000-nam-tuoi-o-bac-ninh-post1824000.tpo,gpt4o-mini,0.3760,0.2991,0.2338,0.0463,0.6105,6146,34.3500,1265
https://tienphong.vn/bien-nguoi-do-ve-song-day-xem-cac-do-vat-post1823974.tpo,gpt4o,0.3728,0.2938,0.2528,0.0429,0.6043,4387,33.0400,1239
https://tienphong.vn/bien-nguoi-do-ve-song-day-xem-cac-do-vat-post1823974.tpo,gpt4o-mini,0.1750,0.1380,0.1345,0.0015,0.5790,2627,15.5700,1138
https://tienphong.vn/hieu-dung-ve-cau-cung-quanh-nam-khong-bang-ram-thang-gieng-post1823919.tpo,vit5,1.0000,1.0000,1.0000,1.0000,1.0000,9493,100.0000,
https://tienphong.vn/hieu-dung-ve-cau-cung-quanh-nam-khong-bang-ram-thang-gieng-post1823919.tpo,gpt4o,0.8835,0.6275,0.4757,0.0839,0.5882,4627,212.8700,787
https://tienphong.vn/hieu-dung-ve-cau-cung-quanh-nam-khong-bang-ram-thang-gieng-post1823919.tpo,gpt4o-mini,0.8932,0.6078,0.6408,0.1592,0.6795,3041,156.4400,729
https://tienphong.vn/ha-truc-linh-va-cac-nguoi-dep-hoa-hau-viet-nam-du-xuan-mien-di-san-bac-ninh-post1823938.tpo,gpt4o,0.1571,0.1337,0.1235,0.0014,0.5718,4730,14.4600,2426
https://tienphong.vn/ha-truc-linh-va-cac-nguoi-dep-hoa-hau-viet-nam-du-xuan-mien-di-san-bac-ninh-post1823938.tpo,gpt4o-mini,0.1299,0.1087,0.1001,0.0003,0.5542,4670,11.7100,2377
https://tienphong.vn/nghe-nhac-trinh-ben-dong-song-huong-post1823845.tpo,gpt4o,0.3433,0.2914,0.2656,0.0576,0.6294,5302,33.7200,1509
https://tienphong.vn/nghe-nhac-trinh-ben-dong-song-huong-post1823845.tpo,gpt4o-mini,0.3311,0.2681,0.2300,0.0378,0.6115,5765,31.1400,1485
https://tienphong.vn/nsnd-trinh-thuy-mui-ung-cu-dai-bieu-quoc-hoi-khoa-xiv-post1823930.tpo,gpt4o,0.2526,0.2138,0.1755,0.0176,0.5649,5323,22.9000,1863
https://tienphong.vn/nsnd-trinh-thuy-mui-ung-cu-dai-bieu-quoc-hoi-khoa-xiv-post1823930.tpo,gpt4o-mini,0.2120,0.1772,0.1682,0.0106,0.5684,5322,19.3600,1820
https://tienphong.vn/nhan-sac-chi-hai-quan-ho-don-tim-du-khach-tai-hoi-lim-post1823900.tpo,gpt4o,0.9084,0.6615,0.5267,0.1429,0.6403,6911,158.3300,813
https://tienphong.vn/nhan-sac-chi-hai-quan-ho-don-tim-du-khach-tai-hoi-lim-post1823900.tpo,gpt4o-mini,0.8321,0.5385,0.4885,0.1256,0.5903,3191,119.7000,761
https://tienphong.vn/bao-han-kinh-ngac-viet-nam-post1823892.tpo,gpt4o,0.3682,0.2991,0.2406,0.0600,0.6662,15665,33.4000,1863
https://tienphong.vn/bao-han-kinh-ngac-viet-nam-post1823892.tpo,gpt4o-mini,0.2286,0.1885,0.1575,0.0079,0.5992,5025,19.7700,1718
https://tienphong.vn/hang-nghin-nguoi-do-ve-dinh-van-noi-ruoc-lua-thieng-ve-nha-luc-nua-dem-post1823877.tpo,gpt4o,0.3728,0.2879,0.2407,0.0446,0.5656,12549,33.1100,1461
https://tienphong.vn/hang-nghin-nguoi-do-ve-dinh-van-noi-ruoc-lua-thieng-ve-nha-luc-nua-dem-post1823877.tpo,gpt4o-mini,0.2091,0.1749,0.1486,0.0043,0.6224,4297,19.1100,1355
https://tienphong.vn/le-ruoc-co-ba-cho-duoc-trong-dem-post1823791.tpo,gpt4o,0.2237,0.1954,0.1708,0.0084,0.5869,6694,21.1300,2026
https://tienphong.vn/le-ruoc-co-ba-cho-duoc-trong-dem-post1823791.tpo,gpt4o-mini,0.2356,0.1970,0.1700,0.0055,0.5692,7348,19.5000,2004
https://tienphong.vn/le-hoi-cau-ngu-hon-500-nam-tuoi-o-hue-post1823789.tpo,gpt4o,0.3995,0.3457,0.2679,0.0763,0.6166,9485,33.5300,1616
https://tienphong.vn/ngoi-dinh-co-2-sac-phong-vua-ban-giua-song-tien-post1822693.tpo,vit5,1.0000,1.0000,1.0000,1.0000,1.0000,10669,100.0000,
https://tienphong.vn/ngoi-dinh-co-2-sac-phong-vua-ban-giua-song-tien-post1822693.tpo,gpt4o,0.9091,0.6633,0.6364,0.1255,0.6352,10097,172.7300,742
https://tienphong.vn/ngoi-dinh-co-2-sac-phong-vua-ban-giua-song-tien-post1822693.tpo,gpt4o-mini,0.8788,0.6020,0.5556,0.1345,0.6495,4393,149.4900,717
https://tienphong.vn/cu-ba-104-tuoi-o-ha-tinh-chia-se-bi-quyet-song-khoe-post1822624.tpo,gpt4o,0.1783,0.1572,0.1358,0.0032,0.6332,11877,16.0000,2449
https://tienphong.vn/cu-ba-104-tuoi-o-ha-tinh-chia-se-bi-quyet-song-khoe-post1822624.tpo,gpt4o-mini,0.0973,0.0850,0.0805,0.0000,0.5836,4134,8.6800,2322
https://tienphong.vn/chiec-cap-long-dung-com-co-thu-tuong-pham-van-dong-thuong-mang-theo-khi-di-cong-tac-post1823300.tpo,gpt4o,0.2399,0.1898,0.1556,0.0129,0.6051,5126,21.6500,2032
https://tienphong.vn/chiec-cap-long-dung-com-co-thu-tuong-pham-van-dong-thuong-mang-theo-khi-di-cong-tac-post1823300.tpo,gpt4o-mini,0.1169,0.0991,0.1006,0.0001,0.6352,3622,10.9800,1893
